aac.sfsu.edu,SFS-d-aac-content-manager
"aapi.sfsu.edu,aspire.sfsu.edu",SFS-d-aapi-content-manager
aas.sfsu.edu,SFS-d-aas-content-manager
academic.sfsu.edu,SFS-d-academic-content-manager
academicresources.sfsu.edu,SFS-d-academicresources-content-manager
access.sfsu.edu,SFS-d-access-content-manager
accessalert.sfsu.edu,SFS-d-accessalert-content-manager
act.sfsu.edu,SFS-d-act-content-manager
activities.sfsu.edu,SFS-d-activities-content-manager
"itsecurity.sfsu.edu,itpolicy.sfsu.edu,adminfin.sfsu.edu,policiesandpracticedirectives.sfsu.edu",SFS-d-adminfin-content-manager
"advservices.sfsu.edu,advance.sfsu.edu",SFS-d-advance-content-manager
advising.sfsu.edu,SFS-d-advising-content-manager
advisinghub.sfsu.edu,SFS-d-advisinghub-content-manager
advisinglca.sfsu.edu,SFS-d-advisinglca-content-manager
affordablelearning.sfsu.edu,SFS-d-affordablelearning-content-manager
africana.sfsu.edu,SFS-d-africana-content-manager
alumni.sfsu.edu,SFS-d-alumni-content-manager
amed.sfsu.edu,SFS-d-amed-content-manager
anthropology.sfsu.edu,SFS-d-anthropology-content-manager
apiabiography.sfsu.edu,SFS-d-apiabiography-content-manager
"www.art.sfsu.edu,art.sfsu.edu,martinwong.sfsu.edu",SFS-d-art-content-manager
"ai.sfsu.edu,at.sfsu.edu",SFS-d-at-content-manager
autism.sfsu.edu,SFS-d-autism-content-manager
basicneeds.sfsu.edu,SFS-d-basicneeds-content-manager
"www.beca.sfsu.edu,ksfs.sfsu.edu,tvcenter.sfsu.edu,beca.sfsu.edu",SFS-d-beca-content-manager
"biology.sfsu.edu,climatehq.sfsu.edu",SFS-d-biology-content-manager
budget.sfsu.edu,SFS-d-budget-content-manager
bursar.sfsu.edu,SFS-d-bursar-content-manager
businessjapanese.sfsu.edu,SFS-d-businessjapanese-content-manager
"busops.sfsu.edu,riskandsafetyservices.sfsu.edu",SFS-d-busops-content-manager
cad.sfsu.edu,SFS-d-cad-content-manager
campusmemo.sfsu.edu,SFS-d-campusmemo-content-manager
campusrec.sfsu.edu,SFS-d-campusrec-content-manager
careergrad.sfsu.edu,SFS-d-careergrad-content-manager
"ctfd.sfsu.edu,qlt.sfsu.edu,qolt.sfsu.edu,wac.sfsu.edu,ceetl.sfsu.edu",SFS-d-ceetl-content-manager
"cpage.sfsu.edu,prehealth.sfsu.edu,sfsummer.sfsu.edu,ali.sfsu.edu,www.cpage.sfsu.edu,www.cel.sfsu.edu,cel.sfsu.edu",SFS-d-cel-content-manager
"meetings.sfsu.edu,ces.sfsu.edu,summerconf.sfsu.edu",SFS-d-ces-content-manager
"biochemistry.sfsu.edu,chembiochem.sfsu.edu,chemistry.sfsu.edu",SFS-d-chemistry-content-manager
childrenscampus.sfsu.edu,SFS-d-childrenscampus-content-manager
chss.sfsu.edu,SFS-d-chss-content-manager
"cids.sfsu.edu,ids.sfsu.edu",SFS-d-cids-content-manager
"cinema.sfsu.edu,www.cinema.sfsu.edu",SFS-d-cinema-content-manager
cj.sfsu.edu,SFS-d-cj-content-manager
classics.sfsu.edu,SFS-d-classics-content-manager
climate.sfsu.edu,SFS-d-climate-content-manager
cls.sfsu.edu,SFS-d-cls-content-manager
"businessanalytics.sfsu.edu,msa.sfsu.edu,erp.sfsu.edu,sustainablemba.sfsu.edu,execed.sfsu.edu,marketing.sfsu.edu,management.sfsu.edu,mba.sfsu.edu,finance.sfsu.edu,ds.sfsu.edu,labor-studies.sfsu.edu,nicemba.sfsu.edu,vista.sfsu.edu,accounting.sfsu.edu,vista-room.sfsu.edu,biotechmba.sfsu.edu,gbp.sfsu.edu,economics.sfsu.edu,ibus.sfsu.edu,htm.sfsu.edu,vistaroom.sfsu.edu,emba.sfsu.edu,cob.sfsu.edu,is.sfsu.edu",SFS-d-cob-content-manager
commencement.sfsu.edu,SFS-d-commencement-content-manager
commons.sfsu.edu,SFS-d-commons-content-manager
communicationstudies.sfsu.edu,SFS-d-communicationstudies-content-manager
"humcwl.sfsu.edu,complit.sfsu.edu",SFS-d-complit-content-manager
conduct.sfsu.edu,SFS-d-conduct-content-manager
"afm.sfsu.edu,gtac.sfsu.edu,cose.sfsu.edu,pinc.sfsu.edu,cssc.sfsu.edu,emfimage.sfsu.edu,catalyze.sfsu.edu,merl.sfsu.edu",SFS-d-cose-content-manager
counseling.sfsu.edu,SFS-d-counseling-content-manager
cpdc.sfsu.edu,SFS-d-cpdc-content-manager
"creativewriting.sfsu.edu,greenhouse.sfsu.edu",SFS-d-creativewriting-content-manager
cregs.sfsu.edu,SFS-d-cregs-content-manager
cs.sfsu.edu,SFS-d-cs-content-manager
"csld.sfsu.edu,career.sfsu.edu,careerservices.sfsu.edu",SFS-d-csld-content-manager
"csme.sfsu.edu,sfcall.sfsu.edu",SFS-d-csme-content-manager
csugis.sfsu.edu,SFS-d-csugis-content-manager
campussafety.sfsu.edu,SFS-d-dcs-content-manager
design.sfsu.edu,SFS-d-design-content-manager
"develop.sfsu.edu,bold.thinking.sfsu.edu",SFS-d-develop-content-manager
"gatorsmartstart.sfsu.edu,developmentalstudies.sfsu.edu",SFS-d-developmentalstudies-content-manager
"docfilm.sfsu.edu,www.docfilm.sfsu.edu",SFS-d-docfilm-content-manager
docusign.sfsu.edu,SFS-d-docusign-content-manager
dos.sfsu.edu,SFS-d-dos-content-manager
"undocugators.sfsu.edu,drc.sfsu.edu",SFS-d-drc-content-manager
ecse.sfsu.edu,SFS-d-ecse-content-manager
edd.sfsu.edu,SFS-d-edd-content-manager
edelman.sfsu.edu,SFS-d-edelman-content-manager
eed.sfsu.edu,SFS-d-eed-content-manager
ehs.sfsu.edu,SFS-d-ehs-content-manager
elsit.sfsu.edu,SFS-d-elsit-content-manager
em.sfsu.edu,SFS-d-em-content-manager
engineering.sfsu.edu,SFS-d-engineering-content-manager
"tpw.sfsu.edu,matesol.sfsu.edu,english.sfsu.edu,linguistics.sfsu.edu,cmls.sfsu.edu,etc.sfsu.edu",SFS-d-english-content-manager
"environment.sfsu.edu,geog.sfsu.edu,earth.sfsu.edu",SFS-d-environment-content-manager
eop.sfsu.edu,SFS-d-eop-content-manager
"rtc.sfsu.edu,eoscenter.sfsu.edu,riptides.sfsu.edu,eos.sfsu.edu,imes.sfsu.edu,marineops.sfsu.edu",SFS-d-eos-content-manager
equity.sfsu.edu,SFS-d-equity-content-manager
"erm.sfsu.edu,safety.sfsu.edu",SFS-d-erm-content-manager
esn.sfsu.edu,SFS-d-esn-content-manager
ethnicstudies.sfsu.edu,SFS-d-ethnicstudies-content-manager
facaffairs.sfsu.edu,SFS-d-facaffairs-content-manager
"facilities.sfsu.edu,sfstatefacilities.sfsu.edu",SFS-d-facilities-content-manager
familyproject.sfsu.edu,SFS-d-familyproject-content-manager
"www.foundation.sfsu.edu,foundation.sfsu.edu,sfsufdn.sfsu.edu",SFS-d-fdn-content-manager
fellowships.sfsu.edu,SFS-d-fellowships-content-manager
"cfsd.sfsu.edu,fina.sfsu.edu",SFS-d-fina-content-manager
financialaid.sfsu.edu,SFS-d-financialaid-content-manager
"tax.sfsu.edu,financialservices.sfsu.edu,fiscaff.sfsu.edu",SFS-d-fiscaff-content-manager
"flagship.sfsu.edu,www.flagship.sfsu.edu",SFS-d-flagship-content-manager
future.sfsu.edu,SFS-d-future-content-manager
gallery.sfsu.edu,SFS-d-gallery-content-manager
"gatorgreats.sfsu.edu,hotshots.sfsu.edu",SFS-d-gatorgreats-content-manager
"you.sfsu.edu,mentalhealthcheckup.sfsu.edu,gatorhealth.sfsu.edu",SFS-d-gatorhealth-content-manager
"coe.sfsu.edu,gcoe.sfsu.edu",SFS-d-gcoe-content-manager
"accreditationprog.sfsu.edu,gcoedata.sfsu.edu",SFS-d-gcoedata-content-manager
gis.sfsu.edu,SFS-d-gis-content-manager
globalclassroom.sfsu.edu,SFS-d-globalclassroom-content-manager
govrel.sfsu.edu,SFS-d-govrel-content-manager
grad.sfsu.edu,SFS-d-grad-content-manager
graymatterlab.sfsu.edu,SFS-d-graymatters-content-manager
gsp.sfsu.edu,SFS-d-gsp-content-manager
hackathon.sfsu.edu,SFS-d-hackathon-content-manager
health.sfsu.edu,SFS-d-health-content-manager
healthequity.sfsu.edu,SFS-d-healthequity-content-manager
history.sfsu.edu,SFS-d-history-content-manager
home.sfsu.edu,SFS-d-home-content-manager
housing.sfsu.edu,SFS-d-housing-content-manager
"hr.sfsu.edu,askhr.sfsu.edu",SFS-d-hr-content-manager
"righttoknow.sfsu.edu,humanities.sfsu.edu,americanstudies.sfsu.edu,humanitiesliberalstudies.sfsu.edu",SFS-d-humanitiesliberalstudies-content-manager
ia.sfsu.edu,SFS-d-ia-content-manager
"iac.sfsu.edu,www.iac.sfsu.edu",SFS-d-iac-content-manager
ibhequity.sfsu.edu,SFS-d-ibhequity-content-manager
icce.sfsu.edu,SFS-d-icce-site-administrator
instructionalcontinuity.sfsu.edu,SFS-d-instructionalcontinuity-content-manager
"latinamericanstudies.sfsu.edu,southasianstudies.sfsu.edu,internationalrelations.sfsu.edu,irgrad.sfsu.edu",SFS-d-internationalrelations-content-manager
investiture.sfsu.edu,SFS-d-investiture-content-manager
"ir.sfsu.edu,air.sfsu.edu",SFS-d-ir-content-manager
"doit.sfsu.edu,tech.sfsu.edu,its.sfsu.edu,drupal.sfsu.edu",SFS-d-its-content-manager
jewish.sfsu.edu,SFS-d-jewish-content-manager
"journalism.sfsu.edu,www.journalism.sfsu.edu",SFS-d-journalism-content-manager
kin.sfsu.edu,SFS-d-kin-content-manager
"ltns.sfsu.edu,latino.sfsu.edu",SFS-d-latino-content-manager
"lca.sfsu.edu,artshumanities.sfsu.edu,ica.sfsu.edu,arts.sfsu.edu,cats.sfsu.edu,www.creativearts.sfsu.edu,creativestate.sfsu.edu",SFS-d-lca-content-manager
liberalstudies.sfsu.edu,SFS-d-liberalstudies-content-manager
"www.library.sfsu.edu,library.sfsu.edu,m.library.sfsu.edu",SFS-d-library-content-manager
"longmore.sfsu.edu,longmoreinstitute.sfsu.edu",SFS-d-longmoreinstitute-content-manager
maethnicstudies.sfsu.edu,SFS-d-maethnicstudies-content-manager
magazine.sfsu.edu,SFS-d-magazine-content-manager
maps.sfsu.edu,SFS-d-maps-content-manager
"puboff.sfsu.edu,marcomm.sfsu.edu,logo.sfsu.edu",SFS-d-marcomm-content-manager
math.sfsu.edu,SFS-d-math-content-manager
meis.sfsu.edu,SFS-d-meis-content-manager
metro.sfsu.edu,SFS-d-metro-content-manager
"www.persian.sfsu.edu,japanese.sfsu.edu,persian.sfsu.edu,chinese.sfsu.edu,italian.sfsu.edu,mllab.sfsu.edu,mll.sfsu.edu,french.sfsu.edu,spanish.sfsu.edu,german.sfsu.edu,fllab.sfsu.edu,russian.sfsu.edu,foreign.sfsu.edu",SFS-d-mll-content-manager
mobility.sfsu.edu,SFS-d-mobility-content-manager
morrison.sfsu.edu,SFS-d-morrison-content-manager
"museumstudies.sfsu.edu,museum.sfsu.edu",SFS-d-museum-content-manager
"www.musicdance.sfsu.edu,musicdance.sfsu.edu,music.sfsu.edu",SFS-d-music-content-manager
mystory.sfsu.edu,SFS-d-mystory-content-manager
nagpra.sfsu.edu,SFS-d-nagpra-content-manager
navigator.sfsu.edu,SFS-d-navigator-content-manager
news.sfsu.edu,SFS-d-news-content-manager
"newstudentprograms.sfsu.edu,newstudentguide.sfsu.edu",SFS-d-newstudentprograms-content-manager
"www.nursing.sfsu.edu,nursing.sfsu.edu",SFS-d-nursing-content-manager
oes.sfsu.edu,SFS-d-oes-content-manager
"oip.sfsu.edu,studyabroad.sfsu.edu",SFS-d-oip-content-manager
olli.sfsu.edu,SFS-d-olli-content-manager
"onecard.sfsu.edu,onecardonline.sfsu.edu,baypass.sfsu.edu",SFS-d-onecard-content-manager
"recruitment.sfsu.edu,outreach.sfsu.edu",SFS-d-outreach-content-manager
pace.sfsu.edu,SFS-d-pace-content-manager
parking.sfsu.edu,SFS-d-parking-content-manager
pays.sfsu.edu,SFS-d-pays-content-manager
pbk.sfsu.edu,SFS-d-pbk-content-manager
philosophy.sfsu.edu,SFS-d-philosophy-content-manager
"physics.sfsu.edu,www.physics.sfsu.edu",SFS-d-physics-content-manager
plan.sfsu.edu,SFS-d-plan-content-manager
planning.sfsu.edu,SFS-d-planning-content-manager
poetry.sfsu.edu,SFS-d-poetry-content-manager
politicalscience.sfsu.edu,SFS-d-politicalscience-content-manager
"president.sfsu.edu,president-search.sfsu.edu",SFS-d-president-content-manager
procurement.sfsu.edu,SFS-d-procurement-content-manager
psm.sfsu.edu,SFS-d-psm-content-manager
"psychology.sfsu.edu,developmentalpsych.sfsu.edu",SFS-d-psychology-content-manager
"caps.sfsu.edu,psyservs.sfsu.edu",SFS-d-psyservs-content-manager
"pt.sfsu.edu,www.pt.sfsu.edu",SFS-d-pt-content-manager
publichealth.sfsu.edu,SFS-d-publichealth-content-manager
qaservices.sfsu.edu,SFS-d-qaservices-content-manager
"queercinemaproject.sfsu.edu,queercinemainstitute.sfsu.edu",SFS-d-queercinemaproject-content-manager
"cms.sfsu.edu,registrar.sfsu.edu,www.registrar.sfsu.edu,testing.sfsu.edu",SFS-d-registrar-content-manager
"research.sfsu.edu,create.sfsu.edu",SFS-d-research-content-manager
reslife.sfsu.edu,SFS-d-reslife-content-manager
retire.sfsu.edu,SFS-d-retire-content-manager
rfsa.sfsu.edu,SFS-d-rfsa-content-manager
rivers.sfsu.edu,SFS-d-rivers-content-manager
"recdept.sfsu.edu,rpt.sfsu.edu",SFS-d-rpt-content-manager
rrs.sfsu.edu,SFS-d-rrs-content-manager
safezone.sfsu.edu,SFS-d-safezone-content-manager
"westernnoyce.sfsu.edu,secondaryed.sfsu.edu",SFS-d-secondaryed-content-manager
"convocation.sfsu.edu,senate.sfsu.edu",SFS-d-senate-content-manager
seo.sfsu.edu,SFS-d-seo-content-manager
sete.sfsu.edu,SFS-d-sete-content-manager
sfamp.sfsu.edu,SFS-d-sfamp-content-manager
sfbaynerr.sfsu.edu,SFS-d-sfbaynerr-content-manager
"shiftingperspectives.sfsu.edu,reclaimingnature.sfsu.edu,sfbuild.sfsu.edu",SFS-d-sfbuild-content-manager
sfsuais.sfsu.edu,SFS-d-sfsuais-content-manager
sierra.sfsu.edu,SFS-d-sierra-content-manager
"slhs.sfsu.edu,comdis.sfsu.edu",SFS-d-slhs-content-manager
"sxs.sfsu.edu,sociology.sfsu.edu,socsxs.sfsu.edu",SFS-d-socsxs-content-manager
socwork.sfsu.edu,SFS-d-socwork-content-manager
sped.sfsu.edu,SFS-d-spedcd-content-manager
sss.sfsu.edu,SFS-d-sss-content-manager
studentsuccess.sfsu.edu,SFS-d-studentsuccess-content-manager
sustain.sfsu.edu,SFS-d-sustain-content-manager
techgovernance.sfsu.edu,SFS-d-techgovernance-content-manager
"theatredance.sfsu.edu,theatre.sfsu.edu,www.theatre.sfsu.edu",SFS-d-theatredance-content-manager
titleix.sfsu.edu,SFS-d-titleix-content-manager
transfer.sfsu.edu,SFS-d-transfer-content-manager
transforms.sfsu.edu,SFS-d-transforms-content-manager
tutoring.sfsu.edu,SFS-d-tutoring-content-manager
tviomfriends.sfsu.edu,SFS-d-tviomfriends-content-manager
ucorp.sfsu.edu,SFS-d-ucorp-content-manager
"ueap.sfsu.edu,lac.sfsu.edu,carp.sfsu.edu,exco.sfsu.edu,ugs.sfsu.edu,wasc.sfsu.edu",SFS-d-ueap-content-manager
"universityenterprises.sfsu.edu,realestate.sfsu.edu,red.sfsu.edu,ue.sfsu.edu",SFS-d-universityenterprises-content-manager
"univpark.sfsu.edu,efh.sfsu.edu",SFS-d-univpark-content-manager
upd.sfsu.edu,SFS-d-upd-content-manager
veterans.sfsu.edu,SFS-d-veterans-content-manager
viprogram.sfsu.edu,SFS-d-viprogram-content-manager
vpsaem.sfsu.edu,SFS-d-vpsaem-content-manager
"cease.sfsu.edu,wellness.sfsu.edu",SFS-d-wellness-content-manager
wgsdept.sfsu.edu,SFS-d-wgsdept-content-manager
